<project 
  xmlns:j="jelly:core"
  xmlns:u="jelly:util"
  xmlns:ant="jelly:ant"
  default="java:jar">

  <postGoal name="java:compile">
	<attainGoal name="gettext:dist"/>
  </postGoal>

  <preGoal name="xdoc:transform">
	<copy toDir="target/docs/tutorial/examples" overwrite="true">
	  <fileset dir="src/examples">
		<includes name="**/*.java"/>
	  </fileset>
	</copy>
  </preGoal>

  <preGoal name="clover:test">
	<copy toDir="target/clover/classes" overwrite="true">
	  <fileset dir="src/conf">
		<exclude name="**/CVS/**"/>
	  </fileset>
	</copy>
  </preGoal>

  <postGoal name="dist:prepare-src-filesystem">
	<copy toDir="${maven.dist.src.assembly.dir}/src/examples" overwrite="true">
	  <fileset dir="src/examples"/>
	</copy>
  </postGoal>
  
</project>
