<?xml version="1.0" encoding="UTF-8"?>
<project>
  <extend>../shared/m1-project.xml</extend>

  <pomVersion>3</pomVersion>

  <id>xnap-commons</id>
  <name>XNap Commons</name>
  <currentVersion>0.9.6</currentVersion>
  <package>org.xnap.commons</package>

  <description>A set of utility Java classes for easy handling of
  common (gui) tasks like sortable tables, auto completion,
  internationalization (i18n) and a powerful preferences
  framework.</description>

  <shortDescription>A set of utility Java classes for easy handling of
  common tasks.</shortDescription>

  <siteDirectory>/home/groups/x/xn/xnap-commons/htdocs</siteDirectory>
  <distributionDirectory>/home/groups/x/xn/xnap-commons/htdocs/repository/xnap-commons/jars</distributionDirectory>

  <repository>
    <connection>scm:cvs:pserver:anonymous@xnap-commons.cvs.sourceforge.net:/cvsroot/xnap-commons:xnap-commons</connection>
    <developerConnection>scm:cvs:ext:${maven.username}@xnap-commons.cvs.sourceforge.net:/cvsroot/xnap-commons:xnap-commons</developerConnection>
    <url>http://cvs.sourceforge.net/cgi-bin/viewcvs.cgi/xnap-commons/xnap-commons/</url>
  </repository>

  <versions>
    <version>
      <id>0.9</id>
      <name>0.9</name>
	  <tag>xnap-commons-0_9</tag>
    </version>
    <version>
      <id>0.9.1</id>
      <name>0.9.1</name>
	  <tag>xnap-commons-0_9_1</tag>
    </version>
    <version>
      <id>0.9.2</id>
      <name>0.9.2</name>
	  <tag>xnap-commons-0_9_2</tag>
    </version>
    <version>
      <id>0.9.3</id>
      <name>0.9.3</name>
	  <tag>xnap-commons-0_9_3</tag>
    </version>
    <version>
      <id>0.9.4</id>
      <name>0.9.4</name>
	  <tag>xnap-commons-0_9_4</tag>
    </version>
    <version>
      <id>0.9.5</id>
      <name>0.9.5</name>
	  <tag>xnap-commons-0_9_5</tag>
    </version>
    <version>
      <id>0.9.6</id>
      <name>0.9.6</name>
	  <tag>xnap-commons-0_9_6</tag>
    </version>
  </versions>

  <developers>
    <developer>
      <name>Felix Berger</name>
      <id>bflat1</id>
      <roles>
        <role>Developer</role>
      </roles>
      <url>http://www.felix.beldesign.de/</url>
      <timezone>+2</timezone>
    </developer>
    <developer>
      <name>Yven Johannes Leist</name>
      <id>leist</id>
      <roles>
        <role>Documentation Writer</role>
      </roles>
      <url>http://www.leist.beldesign.de/</url>
      <timezone>+2</timezone>
    </developer>
    <developer>
      <name>Steffen Pingel</name>
      <id>squig</id>
      <roles>
        <role>Project Manager</role>
        <role>Developer</role>
      </roles>
      <url>http://steffenpingel.de</url>
      <timezone>+2</timezone>
    </developer>
  </developers>

  <dependencies>
    <dependency>
      <groupId>xnap-commons</groupId>
      <artifactId>gettext-commons</artifactId>
      <version>0.9</version>
    </dependency>
    <dependency>
      <groupId>commons-logging</groupId>
      <artifactId>commons-logging</artifactId>
      <version>1.0.4</version>
    </dependency>
	<dependency>
      <groupId>statcvs</groupId>
      <artifactId>maven-statcvs-plugin</artifactId>
      <version>2.6</version>
      <type>plugin</type>
    </dependency>
	<dependency>
      <groupId>maven-plugins</groupId>
      <artifactId>maven-cobertura-plugin</artifactId>
      <version>1.1.1</version>
      <type>plugin</type>
    </dependency>
	<dependency>
      <groupId>xnap-commons</groupId>
      <artifactId>maven-gettext-plugin</artifactId>
      <version>1.1</version>
      <type>plugin</type>
    </dependency>
  </dependencies>

  <build>
    <sourceDirectory>src/java</sourceDirectory>
    <unitTestSourceDirectory>src/test</unitTestSourceDirectory>
    <unitTest>
      <includes>
        <include>**/*Test.java</include>
      </includes>
      <excludes>
        <exclude>**/Generic*Test.java</exclude>
        <exclude>**/Abstract*SettingTest.java</exclude>
      </excludes>    
	</unitTest>
    <resources>
      <resource>
        <directory>src/conf</directory>
      </resource>
	  <resource>
        <directory>.</directory>
		<includes>
		  <include>README.txt</include>
		  <include>LICENSE.*</include>
		</includes>
      </resource>
    </resources>
  </build>
</project>
