<?xml version="1.0"?>

<document>
  <properties>
    <title>Quick Start</title>
  </properties>
  <body>
    <section name="Overview">
      <p>This page gives an overview of the XNap Commons and describes
      how to integrate some of the components into existing Java
      applications. If you would rather like to look at source code
      right away, check out our <a href="examples/">Examples</a> (or
      the latest from <a
      href="http://cvs.sourceforge.net/viewcvs.py/xnap-commons/xnap-commons/src/examples/">CVS</a>)
      and the <a
      href="http://xnap-commons.sourceforge.net/apidocs/">API
      Documentation</a>.</p>

      <ol>
	<li><a href="#Internationalization__I18n_">Internationalization
	    (I18n)</a></li>
	<li><a href="#Settings">Settings</a></li>
	<li><a href="#Auto_Completion">Auto Completion</a></li>
	<li><a href="#Dialogs">Dialogs</a></li>
	<li><a href="#Tables">Tables</a></li>
	<li><a href="#Other_GUI_Components">Other GUI
	    Components</a>
	  <ul>
	    <li><a href="#Closeable_Tabbed_Pane">Closeable Tabbed Pane</a></li>
	    <li><a href="#File_Chooser_Panel">File Chooser
		Panel</a></li>
	  </ul>
	</li>
	<li><a href="#Utilities">Utilities</a>
	  <ul>
	    <li><a href="#Builder">Builder</a></li>
	    <li><a href="#Whats_This">What's This</a></li>
	    <li><a
		href="#Uncaught_Exception_Manager">Uncaught Exception
		Manager</a></li>
	    <li><a href="#EmacsKeyBindings">Emacs Keybindings</a></li>
	  </ul>
	</li>
	<li>
	  <a href="#File_Drag_and_Drop_Support">File Drag and Drop Support</a>
	</li>
      </ol>

      <subsection name="Internationalization (I18n)">
	<p>The i18n package has been considerably improved and was moved to
	  its own project <a
	    href="http://xnap-commons.sourceforge.net/gettext-commons/">Gettext
	    Commons</a> in order to decrease the footprint incurred from loading
	  the i18n classes to a minimum.</p>
	
	<p>Consequently the new i18n library has no Swing dependencies and is
	  source compliant with Java 1.3</p>
	
	<p>The new new tutorial is available <a
	    href="http://xnap-commons.sourceforge.net/gettext-commons/tutorial.html">here</a>.</p>
      </subsection>
      

	  <subsection name="Settings">

		<p>Often Java property files are used to store settings,
		unfortunately these only operate on strings and lack support
		for complex types or validation. The idea of the settings
		framework is to provide human readable serialization of
		complex types and to abstract from the actual storage
		mechanism.</p>

		<p>Each setting is represented by an object of a type that
		implements <tt><a
		href="http://xnap-commons.sourceforge.net/apidocs/org/xnap/commons/setting/AbstractSetting.html">org.xnap.setting.Setting</a></tt>
		and usually inherits from <tt><a
		href="http://xnap-commons.sourceforge.net/apidocs/org/xnap/commons/setting/AbstractSetting.html">org.xnap.setting.AbstractSetting</a></tt>.
		The <tt>Setting</tt> interface requires methods to set,
		retrieve and to revert a setting to its default value. Each
		setting also needs to provide a unique key that identifies the
		setting in the back-store.</p>

		<p>The most convenient approach to using the settings
		framework is to have a class that contains a publicly
		accessible, static field for each setting:</p>

		<source>
public class Settings {

    static PropertyResource backstore = new PropertyResource();

    public static void load(File file) throws IOException {
         backstore.load(file);
    }
    public static void store(File file) throws IOException {
         backstore.store(file);
    }

    public final static StringSetting HOSTNAME = new StringSetting(
        backstore, "hostname", "localhost");

    public final static IntSetting PORT = new IntSetting(
        backstore, "port", 4559, PortRange.MIN_PORT, PortRange.MAX_PORT);
}</source>

		<p>The <b>backstore</b> used in the example with the type
		<tt>PropertyResource</tt> is actually backed by a standard
		Java property file. The <b><tt>HOSTNAME</tt></b> field defines
		a setting that stores a hostname of some type using the key
		<tt>hostname</tt> and the default value
		<tt>localhost</tt>. The <b><tt>PORT</tt></b> field defines a
		setting that stores a port using the key <tt>port</tt> and the
		default value <tt>4559</tt>. Moreover a validator is used to
		make sure the setting is always between
		<tt>PortRange.MIN_PORT</tt> and
		<tt>PortRange.MAX_PORT</tt>. In case <tt>PORT.setValue()</tt>
		is called with an invalid value an
		<tt>IllegalArgumentException</tt> is thrown.</p>

		<source>
// prints "localhost"
System.out.println("Host: " + Settings.HOSTNAME.getValue());

Settings.HOSTNAME.setValue("xnap-commons.sf.net");

// prints "xnap-commons.sf.net"
System.out.println("Host: " + Settings.HOSTNAME.getValue());</source>

		<p>This example shows how to actually use the settings.</p>

		<p>Besides support for standard data types like Integer,
		Boolean, String, java.awt.Color and java.awt.Font, the XNap
		Commons offer serialization of any object that implements
		java.io.Serializable and of Java 5.0 enum types:</p>

		<source>
public static enum { Paper A4, A3, LETTER };

public final static EnumSetting&lt;Paper&gt; PAPER = new EnumSetting&lt;Paper&gt;(
    backstore, "paper", Paper.A4);</source>

		<p>More Information: <a
		href="examples/SettingsExample.java">SettingsExample.java</a>,
		<a
		href="http://xnap-commons.sourceforge.net/apidocs/org/xnap/commons/settings/package-summary.html">API
		Documentation</a></p>
	  </subsection>

	  <subsection name="Auto Completion">
		<p>One thing we like about KDE is the flexible auto
		completion, so we created an implementation in Java that comes
		pretty close to the original. We support six different
		completion modes and have ready to use filesystem
		completion. Using it is straightforward:</p>

<source>
JTextField textField = new JTextField(20);
Completion completion = Builder.addCompletion(textField,
        new FileCompletionModel());</source>

		<p><center><img border="0" src="completion-fs.png"></img></center></p>

		<p>The code above will automatically add a context menu to
		choose the completion mode:</p>

		<p><center><img border="0" src="completion-context.png"></img></center></p>

		<p>If you would like to make the context menu look more KDE
		alike, you can customize the behavior by instantiating the
		objects yourself instead of using <tt>Builder</tt>:</p>

		<source>
JTextField textField = new JTextField(20);
Completion completion = new Completion(textField, new FileCompletionModel());

TextFieldMenu menu = new TextFieldMenu();
menu.addSeparator();
menu.add(new CompletionModeMenu(completion));
textField.addMouseListener(new PopupListener(menu));</source>
		
		
		<p><center><img border="0" src="completion.png"></img></center></p>

		<p>Often times it is desirable not to remember the values that
		were entered in a text field like the URL bar in a web browser:</p>

		<source>
JTextField textField = new JTextField();
numberCompletion = Builder.addCompletion(textField);
new CompletionSettingDirector(Settings.backstore, "url").restore(numberCompletion);
...
new CompletionSettingDirector(Settings.backstore, "url").save(numberCompletion);
</source>

		<p>More Information: <a
		href="examples/CompletionExample.java">CompletionExample.java</a>,
		<a
		href="http://xnap-commons.sourceforge.net/apidocs/org/xnap/commons/gui/completion/package-summary.html">API
		Documentation</a></p>
	  </subsection>

	  <subsection name="Dialogs">

		<p><a name="Default_Dialog"></a><b>Default Dialog</b></p>

		<p>The XNap Commons come with a variety of commonly used
		dialogs. Some of the dialogs make use of the Swing
		<tt>JOptionPane</tt> class whereas others are based on the
		<tt>JDialog</tt> based class <tt>DefaultDialog</tt>. The
		<tt>DefaultDialog</tt> class provides some padding and a right
		aligned button bar:</p>

		<p><center><img border="0" src="dialogs-default.png"></img></center></p>

		<p><a name="Confirm_Dialog"></a><b>Confirm Dialog</b></p>

		<p>A confirm dialog that can save the user's decision right
		away in a <tt>BooleanSetting</tt> object. In case the setting
		is <tt>true</tt> the dialog does not show again the next time
		and returns <tt>JOptionPane.OK_OPTION</tt>:</p>

		<source>
BooleanSetting setting = new BooleanSetting(backstore, "dontShowConfirmAgain");
Dialogs.showConfirmDialog(parent, "Provided by Dialogs.showConfirmDialog().", 
        "XNap Commmons", JOptionPane.OK_OPTION, setting);</source>

		<p>The example will display this dialog:</p>

		<p><center><img border="0" src="dialogs-confirm.png"></img></center></p>

		<p><a name="File_Operation_Dialogs"></a><b>File Operation Dialogs</b></p>

		<p>When operations on files are executed it is usually polite
		to ask the user for confirmation. The XNap Commons provide
		dialogs for copy, move and delete operations that enable the
		user to deselect files, that should not be touched:</p>

<source>
final File[] files = new File[] {
			new File("File1.txt"),
			new File("File2.txt"),
			new File("File3.txt"),
			new File("File4.txt"),
			new File("File5.txt"),
			new File("File6.txt"),
		};
File[] filesToDelete = Dialogs.showDeleteDialog(parent, files, null);</source>

		<p>The example will display this dialog, the copy and move
		confirmation look similar:</p>

		<p><center><img border="0" src="dialogs-delete.png"></img></center></p>

		<p><a name="Error_Dialog"></a><b>Error Dialog</b></p>

		<p>Most users do not care to see exception stack traces but
		sometimes a trace can be useful when analyzing
		errors. Therefore we implemented a dialog that can display
		error details upon request:</p>
		
		<source>
try {
    throw new Exception("Sample Exception");
} catch (Exception e) {
	Dialogs.showError(parent, "Provided by Dialogs.showError()."
            "XNap Commons", e);
}</source>

		<p>The example will display this dialog:</p>

		<p><center><img border="0" src="dialogs-error.png"></img></center></p>

		<p><a name="Directory_Chooser"></a><b>Directory Chooser</b></p>

		<p>The Swing JFileChooser dialog provides reasonable means to
		select a file but it is a little cumbersome to use when a
		directory needs to be chosen. In these cases DirectoryChooser
		can be used. The directory chooser displays a tree that
		contains all file system roots and a button that enables
		jumping to the user's home directory:</p>

		<source>
DirectoryChooser dialog = new DirectoryChooser();
dialog.setTitle("Choose Directory");
if (dialog.showChooseDialog(DialogsExample.this) 
        == DirectoryChooser.APPROVE_OPTION) {
    System.out.println("Selected: " + dialog.getSelectedDirectory());
}
		</source>

		<p>The example will display this dialog:</p>

		<p><center><img border="0" src="dialogs-directorychooser.png"></img></center></p>

		<p>More Information: <a
		href="http://xnap-commons.sourceforge.net/apidocs/org/xnap/commons/gui/DefaultDialog.html">DefaultDialog
		API Documentation</a>, <a
		href="http://xnap-commons.sourceforge.net/apidocs/org/xnap/commons/gui/Dialogs.html">Dialogs
		API Documentation</a></p>

	  </subsection>

	  <subsection name="Tables">

		<p>The table classes enhance the default Swing JTable with
		support for sorting and a context menu to toggle the
		visibility of columns. The sorted column is indicated by a
		little arrow in the column header. The classes are designed in
		such a way that existing code can be enhanced by just a few
		lines of code:</p>

<source>
ExistingTableModel model = new ExistingTableModel();
TableSorter sorter = new TableSorter(model);
JTable table = new ColoredTable(sorter);
TableLayout layout = new TableLayout(table);
pane.add(new JScrollPane(table));</source>

		<p>In the example <b><tt>ExistingTableModel</tt></b> is an
		already existent implementation of the
		<tt>javax.swing.table.TableModel</tt> interface. The
		<b><tt>sorter</tt></b> acts as a decorator between the model
		and the view. It stores the order of the rows as they are
		currently displayed on screen. The original table model
		remains unaffected of any changes in the sort order.</p>

		<p><b>Beware</b> of calls that operate on row indices like
		<tt>getSelectedRow()</tt>. You cannot directly use these
		indices to fetch data from the original table model since the
		rows may have been resorted. The <tt>TableSorter</tt> class
		provides a method to convert a screen index back to the original
		model index (like <tt>JTable.convertColumnIndexToModel()</tt>
		for columns):</p>

<source>
int row = ((TableSorter)table.getModel()).mapToIndex(table.getSelectedRow());
// use index on the original model now
Object object = model.getValueAt(row, 0);
</source>

		<p>The <b><tt>ColoredTable</tt></b> class that is used as the
		table component is basically a <tt>JTable</tt> that draws
		every other row in a slightly darker color for improved
		reading. The <b><tt>TableLayout</tt></b> class is responsible
		for handling the user interaction. It handles mouse events and
		manages the column model.</p>

		<p><center><img border="0" src="table.png"></img></center></p>

		<p>More Information: <a
		href="examples/TableExample.java">TableExample.java</a>, <a
		href="http://xnap-commons.sourceforge.net/apidocs/org/xnap/commons/gui/table/package-summary.html">API
		Documentation</a></p>
		
	  </subsection>

	  <subsection name="Other GUI Components">
		<p><a name="Closeable_Tabbed_Pane"></a><b>Closeable Tabbed Pane</b></p>

		<p>The concept of the closeable tabbed pane should be well
		known since most web browsers implement tabbed browsing by
		now. The <tt>CloseableTabbedPane</tt> class extends
		<tt>JTabbedPane</tt> and adds a little icon to the right of
		the tab title that removes the tab when clicked:</p>

		<source>
CloseableTabbedPane pane = new CloseableTabbedPane();
pane.addTab("label 1", new JLabel("label 1"));
pane.addTab("label 2", new JLabel("label 2"));
pane.addTab("chooser", new JFileChooser());</source>

		<p><center><img border="0"
		src="closeabletabbedpane-example.png"></img></center></p>

		<p>Here is a little fancier example from the XNap project that
		shows a chat pane using a different Look and Feel. Each chat
		channel is represented by a tab that has a little icon
		indicating the chat server type. Each channel tab can be
		closed whereas the first tab named "Global" is not
		closeable:</p>
		
		<p><center><img border="0"
		src="closeabletabbedpane.png"></img></center></p>

		<p>More Information: <a
		href="examples/CloseableTabbedPaneExample.java">CloseableTabbedPaneExample.java</a>,
		<a
		href="http://xnap-commons.sourceforge.net/apidocs/org/xnap/commons/gui/CloseableTabbedPane.html">CloseableTabbedPane
		API Documentation</a></p>

		<p><a name="File_Chooser_Panel"></a><b>File Chooser Panel</b></p>

		<p>This is a simple convenience class for entering filenames
		that arranges a <tt>JTextField</tt> along with a button. When
		the button is pressed, a file chooser is displayed and the
		absolute path of the selected file is entered into the text
		field when the dialog is approved:</p>

		<source>
FileChooserPanel chooser = new FileChooserPanel(20);
addComponent("File Chooser:", chooser);</source>

		<p>The file can be retrieved by calling:</p>

		<source>chooser.getFile()</source>

		<p>The example will display this component:</p>

		<p><center><img border="0"
		src="filechooserpanel.png"></img></center></p>

		<p>More Information: <a
		href="examples/FileChooserExample.java">FileChooserExample.java</a>,
		<a
		href="http://xnap-commons.sourceforge.net/apidocs/org/xnap/commons/gui/FileChooserPanel.html">FileChooserPanel
		API Documentation</a></p>

	  </subsection>

	  <subsection name="Utilities">
		<p><a name="Builder"></a><b>Builder</b></p>

		<p>The <tt>Builder</tt> class uses a factory to create
		components from <tt>Action</tt> objects. That by itself is
		nothing spectacular but when used in conjunction with the
		<tt>AbstractXNapAction.ICON_FILENAME</tt> property it can
		overcome an annoying shortcoming of Swing: <tt>Action</tt>
		objects by default only hold a single icon object that is used
		for each widget independent of component size. If the same
		action is used in menu items and toolbar buttons one will look
		ugly.</p>

		<p>The XNap Commons <tt>Builder</tt> will however use an
		appropriately sized icon. The icon is searched in the path
		that can be configured through
		<tt>IconHelper.setIconPath()</tt>. If the icon is not
		available in the correct size it is scaled.</p>

		<source>
public class WhatsThisAction extends AbstractXNapAction {

	public WhatsThisAction() {
		putValue(Action.NAME, "What's This?");
		putValue(ICON_FILENAME, "contexthelp.png");
	}
	
	public void actionPerformed(ActionEvent e) {
		WhatsThis.enterWhatsThisMode();
	}
	
}

Action action = new WhatsThisAction();

// create a JMenuItem with a 16x16 pixels icon
JMenu helpMenu = new JMenu();
getJMenuBar().add(helpMenu);
helpMenu.add(Builder.createMenuItem(action));

// create a ToolBarButton with a 22x22 pixels icon
JToolBar toolBar = new JToolBar();
toolBar.add(Builder.createToolBarButton(action));</source>

		<p>More Information:
		<a
		href="http://xnap-commons.sourceforge.net/apidocs/org/xnap/factory/Builder.html">Builder
		API Documentation</a></p>

		<p><a name="Whats_This"></a><b>What's This</b></p>

		<p>The XNap Commons provide a What's This mode similar to the
		one found in most modern applications. Once the mode is
		triggered the shape of the mouse pointer changes and when a
		component that has been annotated by a short help message is
		clicked, a tooltip like window is shown displaying the
		message.</p>

		<p><center><img border="0"
		src="whatsthis.png"></img></center></p>

		<source>
public class MyAction extends AbstractAction {

	public WhatsThisAction() {
		putValue(Action.NAME, "My Action");
		putValue(Action.LONG_DESCRIPTION, "This action does nothing.");
	}
	
	public void actionPerformed(ActionEvent e) {
	}
	
}

JPanel panel = new JPanel(new FlowLayout());

panel.add(new JButton(new WhatsThisAction());

JList list = new JList(new String[] { "List with help" });	
WhatsThis.setText(list, "Short text <i>including HTML tags</i>.");
panel.add(list);</source>

		<p>More Information: <a
		href="examples/WhatsThisExample.java">WhatThisExample.java</a>,
		<a
		href="http://xnap-commons.sourceforge.net/apidocs/org/xnap/util/WhatsThis.html">WhatsThis
		API Documentation</a></p>

		<p><a name="Uncaught_Exception_Manager"></a><b>Uncaught Exception Manager</b></p>

		<p>The UncaughtExceptionManager serves as the last fall back
		in case an unexpected runtime exception is encountered that is
		not handled. Usually the thread that threw the exception would
		silently die, but if a ThreadGroup is installed it is possible
		to at least notice the exception:</p>

		<source>
public class UncaughtExceptionManagerExample extends JFrame {

	private static UncaughtExceptionManager manager;

	public static void main(final String[] args)
	{
		manager = new UncaughtExceptionManager();
		
		ErrorHandler handler = new ErrorHandler(null, manager, null, null);
		manager.addExceptionListener(handler);
		
		ThreadGroup tg = new ThreadGroup("AppThreadGroup") {
			public void uncaughtException(Thread t,Throwable e) {
				manager.uncaughtException(t, e);
			}
		};

		// redirect any AWT exception to default exception handler which
		// is manager
		AWTExceptionHandler.install();
		
		Thread mainRunner = new Thread(tg, "MainThread") {
			public void run() {
				setContextClassLoader(UncaughtExceptionManagerExample.class.getClassLoader());
		        // invoke the actual main method
				internalMain(args);
			}
		};
		mainRunner.start();			
	}
}</source>

	<p>
	  More Information: <a
	    href="examples/UncaughtExceptionManagerExample.java">UncaughtExceptionManagerExample.java</a>,
	  <a
	    href="http://xnap-commons.sourceforge.net/apidocs/org/xnap/util/UncaughtExceptionManager.html">UncaughtExceptionManager
	    API Documentation</a>
	</p>
	
	<p>
	  <a name="EmacsKeyBindings"></a><b>Emacs Keybindings</b>
	</p>

	<p>
	  The static <tt>EmacsKeyBindings</tt> class allows you to load the
	  most common Emacs keybindings for all Swing
	  <tt>JTextComponent</tt>s. A simple call to
	</p>

	<source>
	  EmacsKeyBindings.load();
	</source>

	<p>
	  enables the keybindings and also provides more advanced edit
	  actions, e.g. <tt>kill-line</tt>, <tt>kill-ring-save</tt>,
	  <tt>kill-region</tt>, <tt>backward-kill-word</tt>,
	  <tt>kill-word</tt>, <tt>set-mark-command</tt>, <tt>yank</tt>,
	  <tt>yank-pop</tt>, <tt>upcase-word</tt>, <tt>downcase-word</tt> and
	  <tt>capitalize-word</tt>.
	</p>

	<p>
	  It also provides the Emacs <tt>kill-ring</tt>, which allows you to
	  paste elements from the history of all cut text elements.
	</p>

	<p>
	  More Information: <a
	    href="http://xnap-commons.sourceforge.net/apidocs/org/xnap/commons/gui/shortcut/EmacsKeyBindings.html">EmacsKeyBindings
	    API Documentation</a>
	</p>
      </subsection>

      <subsection name="File Drag and Drop Support">

	<p>
	  The class <tt>AbstractFileTransferHandler</tt> provides an abstract
	  super class that handles file drag and drop support by taking care of
	  the different transfer flavors that are needed on the different
	  desktops.
	</p>

	<p>
	  Subclasses just have to override the methods
	  <tt>AbstractFileTransferHandler.importFiles(JComponent comp,
	  List&lt;File&gt; files)</tt> and
	  <tt>AbstractFileTransferHandler.createTransferable(JComponent
	  comp)</tt> to provide a meaningful implementation for the specific
	  component.
	</p>

	<p>
	  Default implementations are provided for <tt>JTextField</tt>s which
	  are used for editing absolute path names and <tt>JTree</tt>s
	  displaying file trees:
	</p>

	<source>
	  JTextField jtf = new JTextField();
	  jtf.setText(new File("/home/me/file").getAbsolutePath());
	  DefaultTextFieldFileTransferHandler.install(jtf);
	  jtf.setDragEnabled(true);

	  JTree tree = new JTree(new FileTreeModel("Folders", File.listRoots()));
	  tree.setTransferHandler(new DefaultTreeFileTransferHandler());
	  tree.setDragEnabled(true);
	</source>

	<p>
	  The class <tt>FileTransferable</tt> implements the
	  <tt>Transferable</tt> interface for a list of files.
	</p>

	<p>
	  More Information <a
	  href="http://xnap-commons.sourceforge.net/apidocs/org/xnap/commons/gui/dnd/package-summary.html">Drag and
	  Drop API Documentation</a>
	</p>

      </subsection>

    </section>
  </body>
</document>

<!--
Local Variables:
sgml-indent-data: t
End:
-->