<?xml version="1.0"?>
<document>
  <properties>
    <title>Changes</title>
  </properties>
  <body>
    <release version="0.9.6" date="2007-02-10">
      <action dev="squig" type="add">
		IconHelper has been enhanced with a methods 
		getApplicationIcons() to retrieve a list of application icons
		and	getSystemTrayIcon() to retrieve an icon for the Java 6 
		system tray.
      </action>
      <action dev="squig" type="fix">
		The CloseableTabbedPane has been fixed to work on Java 6.
      </action>
	</release>

    <release version="0.9.5" date="2006-05-17">
      <action dev="squig" type="add">
		Added getComponent() method to ProgressMonitor.
      </action>
	</release>

    <release version="0.9.4" date="2006-01-05">
      <action dev="squig" type="add">
		The SettingComponentMediator has been enhanced to support
		JSpinner. 
	  </action>
      <action dev="squig" type="add">
		The class ComponentIterator to traverse Component object
		hierarchies has been added.
	  </action>
      <action dev="squig" type="add">
		The class EnableListener to enable or disable a set of
		Components has been added.
	  </action>
      <action dev="squig" type="add">
		The component IconSplitPane that displays a list of icons to
		selects a panel in a CardLayout has been added.
	  </action>
      <action dev="squig" type="add">
		The class ShortCutPrefsPanel to configure ShortCutAction
		objects has been added.
	  </action>
      <action dev="squig" type="update">
		A hyperlink enabled license tab has been added to AboutDialog.
      </action>
      <action dev="" type="update">
		All i18n related classes have been moved to a sub-project
		named Gettext Commons.
      </action>
      <action dev="squig" type="update">
		The method bindExpandCollapseKeysToTree has been added to
		GUIHelper to easily enhance JTree with support for * and %
		keys.
      </action>
      <action dev="bflat1" type="update">
		Java 1.4 compatibilty code has been removed since the XNap
		Commons require Java 5.0 anyways.
      </action>
	</release>

    <release version="0.9.3" date="2005-11-17">
      <action dev="squig" type="add">
		A selection action that operates on a set of objects has been
		added.
      </action>
      <action dev="squig" type="add">
		A simple abstract table model has been added.
      </action>
      <action dev="" type="add">
		A french localization by Pascal Billard has been added.
      </action>
      <action dev="squig" type="update">
		The button separator in the default dialog can now be
		disabled. 
      </action>
      <action dev="squig" type="update">
		The API of SplashWindow has been improved for better
		accessibility.
      </action>
      <action dev="bflat1" type="fix">
		A few bugs related to completion have been fixed.
      </action>
      <action dev="squig" type="fix">
		The width of the progress dialog is now initialized correctly
		to avoid a resize.
      </action>
	</release>

    <release version="0.9.2" date="2005-10-30">
      <action dev="bflat1" type="add">
		FileHelper has support for ProgressMonitors in copy methods.
      </action>
      <action dev="bflat1" type="add">
		A default file transfer handler for trees has been added. It takes
		care of dragging and dropping of files from/to a JTree and displays a
		progress dialog while copying dropped files into the selected
		directory of the tree.
      </action>
      <action dev="bflat1" type="update">
		CompletionPopup and other components have been made aware of
		ComponentOrientation.
      </action>
      <action dev="squig" type="fix">
		A NullPointerException has been fixed in the FileChooserPanel.
      </action>
      <action dev="bflat1" type="fix">
		FileHelper.readText() has been fixed again after new test cases
		had uncovered unexpected behavior of the implementation.
      </action>
    </release>

    <release version="0.9.1" date="2005-09-30">
      <action dev="bflat1" type="add">
		A mediator class that connects a ShortCut, a JComponent and
		an Action object has been added.
      </action>
      <action dev="bflat1" type="update">
		Native drag and drop support has been added to FileChooserPanel.
      </action>
      <action dev="bflat1" type="update">
		A sorting flag has been added to FileTreeModel.
      </action>
      <action dev="squig" type="update">
		Setter and getter methods for the JFileChooser object that is
		used by FileChooserPanel have been added.
      </action>
      <action dev="bflat1" type="fix">
		SerializableSetting was broken and has been reimplemented
		correctly.
      </action>
      <action dev="bflat1" type="fix">
		FileHelper.readText() was off by one and has been fixed.
      </action>
    </release>

    <release version="0.9" date="2005-08-25">
      <action dev="squig" type="">
		Initial release. Most components that were considered useful have been
		merged from the XNap project. A few, like shortcut handling, drag and
		drop support, are still under consideration and may be added in future
		releases.
      </action>
      <action dev="" type="add">
		Internationalization (I18n) based on gettext has been added.
      </action>
      <action dev="" type="add">
		A type safe settings framework that supports
		PropertyChangeListeners has been added.
      </action>
      <action dev="" type="add">
		Extensible auto completion with support for different modes has been
		added.
      </action>
      <action dev="" type="add">
		A default dialog implementation that provides a common look and feel
		has been added.
      </action>
      <action dev="" type="add">
		Support for tables with sortable and hideable columns has been added.
      </action>
      <action dev="" type="add">
		A tabbed pane that has tabs that can be closed through a button in the
		tab header has been added.
      </action>
      <action dev="" type="add">
		Support for context help similar to common "What's This"
		implementaions has been added.
      </action>
      <action dev="" type="add">
		Emacs keybindings that can be used for all Swing text components have
		been added.
      </action>
      <action dev="" type="add">
		And a lot more that is described in the API documentation...
      </action>
    </release>
	
  </body>
</document>

<!--
Local Variables:
sgml-indent-data: t
End:
-->