<?xml version="1.0"?>

<document>
  <properties>
    <title>Code Conventions</title>
  </properties>
  <body>
    <section name="Code Conventions">
	  <p>Please try to stick to the formatting present in the XNap
        source.</p>
	  <p>http://java.sun.com/docs/codeconv/</p>
	  <p>Eclipse Code Formatter</p>
	</section>

	<section name="API">
	  <p>http://doc.trolltech.com/qq/qq13-apis.html</p>
	</section>

	<section name="User Interface">
	  <p>http://developer.kde.org/documentation/standards/kde/style/basics/labels.html</p>

	  <p>
		Action.NAME = Book Title
		Action.SHORT_DESCRIPTION = Sentence style without period
		Action.LONG_DESCRIPTION = Whole sentences with period.
	  </p>
	</section>
  </body>
</document>

