<?xml version="1.0"?>

<document>
  <properties>
    <title>XNap-Commons</title>
  </properties>
  <body>
    <section name="Introduction">
      <p>The XNap Commons project provides a set of utility Java
      classes for easy handling of common tasks like sortable tables,
      auto completion, internationalization (i18n) and a settings
      framwork. Have a look at the <a
      href="tutorial/index.html">Quick Start</a> page to see how you can
      enhance your Java application with the XNap Commons.</p>

	  <p>The classes were originally developed for the XNap project
	  and have been refactored to be usable as generic
	  components. Since we like to live on the cutting edge of
	  technology <b>Java 5.0 is required</b>!</p>

	  <p>In case you like Eclipse and GNU ChangeLog files, check out
	  our sub-project, an <a
	  href="/eclipse-changelog-plugin/index.html">Eclipse Plugin</a>
	  for Emacs-style editing of ChangeLog files.</p>

	  <p><a href="http://www.java.net"><img src="javanet_button_90.gif"
		  alt="java.net" border="0"></img></a></p>
    </section>

    <section name="Download">
	  <p>Stable release are available from our <a
	  href="http://sourceforge.net/project/showfiles.php?group_id=121150&amp;package_id=132164">download
	  page</a>. If you are using <a href="http://maven.apache.org/maven-1.x/"
	  target="_blank">Maven 1.x</a> add the following dependencies to your
	  project.xml:</p>

<source>
&lt;dependency&gt;
  &lt;id&gt;xnap-commons&lt;/id&gt;
  &lt;version&gt;0.9.5&lt;/version&gt;
  &lt;url&gt;http://xnap-commons.sf.net/&lt;/url&gt;
&lt;/dependency&gt;
&lt;dependency&gt;
  &lt;groupId&gt;gettext-commons&lt;/groupId&gt;
  &lt;artifactId&gt;gettext-commons&lt;/artifactId&gt;
  &lt;version&gt;0.9&lt;/version&gt;
  &lt;url&gt;http://xnap-commons.sf.net/gettext-commons/&lt;/url&gt;
&lt;/dependency&gt;
&lt;dependency&gt;
  &lt;id&gt;commons-logging&lt;/id&gt;
  &lt;version&gt;1.0.4&lt;/version&gt;
  &lt;url&gt;http://jakarta.apache.org/commons/logging/&lt;/url&gt;
&lt;/dependency&gt;
</source>

	  <p>And add the XNap Commons repository to your
	  project.properties:</p>

<source>
maven.repo.remote = http://www.ibiblio.org/maven,http://xnap-commons.sf.net/repository
</source>

	</section>

    <section name="References">
	  If you would like to see the XNap Commons in action, check out
	  one of these projects:

	  <ul>
		<li><a href="http://jhylafax.sf.net"
			target="_blank">JHylaFAX</a> - A HylaFAX client with a
			fairly small code base that serves as a good example on
			how to use the XNap Commons</li>
	  </ul>
	</section>

    <section name="Getting Involved">
	  <p>If you have some experience in Java programming and know your
	  way around Open-Source projects and would like to help with the
	  XNap Commons, please get in contact with us through any of the
	  SourceForge facilities:</p>

	  <ul>
		<li><a
		href="http://lists.sourceforge.net/mailman/listinfo/xnap-commons-devel"
		target="_blank">Mailing List</a></li>
		<li><a
		href="http://sourceforge.net/tracker/?atid=689451&amp;group_id=121150"
		target="_blank">Patch Tracker</a></li>
	  </ul>

	  <subsection name="Localization">
		<p>We have setup a <a
		href="https://launchpad.net/products/xnap-commons/+translations">
		project at launch pad</a> that allows everyone who registers
		there to help translate the XNap Commons to any language.</p>
	  </subsection>
	</section>
  </body>
</document>

