<?xml version="1.0"?>

<document>
  <properties>
    <title>Links</title>
  </properties>
  <body>
    <section name="Introduction">

	<p>We have collected links to other projects that complement the
	XNap Commons nicely.</p>

	</section>

    <section name="Swing Components">
	  <p><b><a href="http://www.jgoodies.com/freeware/forms/"
	  target="_blank">JGoodies Forms</a></b><br/>

	  "The JGoodies Forms framework helps you lay out and implement
	  elegant Swing panels quickly and consistently. It makes simple
	  things easy and the hard stuff possible, the good design easy
	  and the bad difficult."</p>
		
	  <p><b><a href="http://www.jgoodies.com/freeware/looks/"
	  target="_blank">JGoodies Looks</a></b><br/>

	  "The JGoodies look&amp;feels make your Swing applications and
	  applets look better. They have been optimized for readability,
	  precise micro-design and usability."</p>

	  <p><b><a
	  href="http://foxtrot.sf.net/"
	  target="_blank">Java Wizard Framework</a></b><br/> </p>

	  <p><b><a
	  href="https://myswing.dev.java.net/"
	  target="_blank">MySwing</a></b><br/>
	  Swing Tips&amp;Tricks along with samples and source.</p>


	</section>

    <section name="Desktop Integration">
	  <p><b><a href="https://jdic.dev.java.net/"
	  target="_blank">JDesktop Integration Components (JDIC)</a></b><br/>

      </p>

	  <p><b><a
	  href="http://columba.sourceforge.net/index.php?option=com_content&amp;task=view&amp;id=35&amp;Itemid=55"
	  target="_blank">Columba Frapuccino</a></b><br/> High-level Swing
	  GUI components like Editable List, Tree Table, Checkable List or
	  Checkable Tree.</p>

	  <p><b><a
	  href="http://javaprog.net/jwizz/"
	  target="_blank">Java Wizard Framework</a></b><br/> </p>

    </section>

	<section name="Unit Testing">
	  <p><b><a href="http://jfcunit.sourceforge.net/"
	  target="_blank">jfcUnit</a></b><br/> Extension for JUnit to test
	  Swing applications.</p>

	  <p><b><a href="http://www.easymock.org/"
	  target="_blank">EasyMock</a></b><br/>Easy creation of mock
	  objects for unit testing.</p>
	</section>
  </body>
</document>
