<?xml version="1.0" encoding="UTF-8"?>

<project name="xnap-commons" href="http://xnap-commons.sourceforge.net">

  <title>XNap Commons</title>

  <body>
    <links>
      <item name="SourceForge Project Page"
      href="http://sourceforge.net/projects/xnap-commons/"/>
<!-- Maven 1.0.2 breaks the URL by not escaping the '&' 
      <item name="SourceForge Project Stats"
      href="http://sourceforge.net/project/stats/?group_id=121150&amp;ugn=xnap-commons"/>
-->
      <item name="Launchpad Project Page"
      href="https://launchpad.net/products/xnap-commons"/>
    </links>

    <menu name="General Information">
      <item name="Home" href="/index.html"/>
      <item name="Screenshots" href="/screenshots.html"/>
      <item name="Download"
      href="http://sourceforge.net/project/showfiles.php?group_id=121150&amp;package_id=132164"/>
      <item name="Webstart Demo" href="/webstart/webstart-demo.jnlp"/>
<!--      <item name="Related Projects" href="related.html"/> -->
	  <item name="Miscellaneous" href="/stuff.html" collapse="true">
		<item name="Planned Features" href="/road-map.html"/>
		<item name="Swing Tips" href="/swing-tips.html"/>
		<item name="Links" href="/links.html"/>
	  </item>
<!--
        <item name="Eclipse ChangeLog Plugin"
		  href="/eclipse-changelog-plugin/index.html"/>
		<item name="Maven 1.x Gettext Plugin"
		  href="/m1/maven-gettext-plugin/index.html"/>
		<item name="Maven 2.x Gettext Plugin"
		  href="/m2/maven-gettext-plugin/index.html"/>
		<item name="Package Manager"
		  href="/package-manager/index.html"/>
-->
	</menu>

    <menu name="Library Documentation">
      <item name="Quick Start" href="/tutorial/index.html"/>
      <item name="API (JavaDoc)" href="/apidocs/index.html" target="_blank"/>
      <item name="Source Xref" href="/xref/index.html" target="_blank"/>
    </menu>

    <menu name="Related Projects" type="footer">
      <item name="Gettext Commons"
		  href="/gettext-commons/index.html"/>
      <item name="Package Manager"
		href="/package-manager/index.html"/>
      <item name="Plugins" href="/related.html" collapse="true">
		<item name="Eclipse ChangeLog Plugin"
		  href="/eclipse-changelog-plugin/index.html"/>
		<item name="Maven 1.x Gettext Plugin"
		  href="/m1/maven-gettext-plugin/index.html"/>
		<item name="Maven 2.x Gettext Plugin" 
		  href="/m2/maven-gettext-plugin/index.html"/>
	  </item>
    </menu>

<!--
    <menu name="Eclipse Plugins" type="footer">
      <item name="Eclipse ChangeLog Plugin" href="/eclipse-changelog-plugin/index.html"/>
    </menu>
-->
  </body>

</project>
