<?xml version="1.0"?>

<document>
  <properties>
    <title>Related Projects</title>
  </properties>
  <body>
    <section name="Related Projects">
	  <subsection name="Eclipse Plugins">
	  <table>
		<tr><th>Project</th><th>Description</th></tr>
		  <tr>
			<td>
			  <a href="eclipse-changelog-plugin/index.html">Eclipse
				ChangeLog Plugin</a>
			</td>
			<td>
			  A plugin for Eclipse that provides an editor for
			  GNU-style ChangeLog files.
			</td>
		  </tr>
	  </table>
	  </subsection>

	  <subsection name="Maven 1.x Plugins">
	  <table>
		<tr><th>Project</th><th>Description</th></tr>
		  <tr>
			<td>
			  <a href="m1/maven-gettext-plugin/index.html">Maven
				Gettext Plugin</a>
			</td>
			<td>
			  A plugin to integrate gettext tools into a Maven build.
			  This plugin is for Maven 1.x.
			</td>
		  </tr>
	  </table>
	  </subsection>

	  <subsection name="Maven 2.x Plugins">
	  <table>
		<tr><th>Project</th><th>Description</th></tr>
		  <tr>
			<td>
			  <a href="m2/maven-gettext-plugin/index.html">Maven
				Gettext Plugin</a>
			</td>
			<td>
			  A plugin to integrate gettext tools into a Maven build.
			  This plugin is for Maven 2.x.
			</td>
		  </tr>
	  </table>
	  </subsection>

	  <subsection name="Java Tools">
	  <table>
		<tr><th>Project</th><th>Description</th></tr>
		  <tr>
			<td>
			  <a href="gettext-commons/index.html">Gettext Commons</a>
			</td>
			<td>
			  A Java library for internationalization (i18n) with gettext.
			</td>
		  </tr>
		  <tr>
			<td>
			  <a href="package-manager/index.html">Package Manager</a>
			</td>
			<td>
			  A Java library that can parse Debian package files.
			</td>
		  </tr>
		  <tr>
			<td>
			  <a href="/webstart-demo/index.html">Webstart Demo</a>
			</td>
			<td>
			  The project for the XNap Commons webstart demo. 
			</td>
		  </tr>
	  </table>
	  </subsection>
	</section>
  </body>
</document>
