<?xml version="1.0"?>

<document>
  <properties>
    <title>Planned Features</title>
  </properties>
  <body>
    <section name="Planned Features">
      <p>Below is a list of features that we plan to add in the near
      future. All of the items are already present in the XNap project
      but need more elaborate documentation and refactoring before
      they can be included in the XNap Commons project:</p>

	  <ul>
        <li>Font chooser panel</li>
		<li>Tip of the Day dialog</li>
	  </ul>
    </section>
  </body>
</document>

