<?xml version="1.0"?>

<document>
  <properties>
    <title>Swing Tips</title>
  </properties>
  <body>
    <section name="Swing Appearance">
	  <p>We have collected a few tweaks on this page that come in
	  handy if you want to make your Swing application look a bit more
	  modern than it does by default.</p>

	  <subsection name="Font of Metal Look and Feel">
		<p>The default font of the Metal Look&amp;Feel has a bold face
		and looks pretty ugly on most platforms. There is an easy fix
		which will make Swing use plain style. This call needs to be
		made during application initialization:</p>

		<p>
		  <source>UIManager.put("swing.boldMetal", Boolean.FALSE);</source>
		</p>
	  </subsection>

	  <subsection name="JSplitPane Borders">
		<p><tt>JSplitPane</tt> components will have be default a
		pretty ugly border. If you want to get rid of it, replace it
		by an empty border:</p>

		<p>
		  <source>
UIManager.put("SplitPaneDivider.border", new BasicBorders.MarginBorder());
JSplitPane pane = new JSplitPane();
pane.setBorder(new BorderFactory.createEmptyBorder(0, 0, 0, 0));</source>
		  </p>
	  </subsection>

	  <subsection name="JTree Line Style">
		<p>The style of the lines drawn by <tt>JTree</tt> can be
		configured through a property. See <a
		href="http://java.sun.com/docs/books/tutorial/uiswing/components/tree.html"
		target="_blank">How to Use Trees</a> for details:</p>

		<p>
		  <source>
JTree tree = new JTree();
tree.putClientProperty("JTree.lineStyle", "Angled");</source>
		</p>
	  </subsection>

	  <subsection name="Classloader for Look and Feels">
		<p>Look&amp;Feel objects are created through reflection, so it
		is sometime desirable to have the UIManager use a custom class
		loader:</p>

		<p>
		  <source>UIManager.put("ClassLoader", MyClassLoader.getInstance());</source>
		</p>
	  </subsection>
	</section>
  </body>
</document>

